﻿{
	"name": "New project",
	"version": "1.0",
	"description": "",
	"id": "",
	"viewport-width": 320,
	"viewport-height": 180,
	"author": "",
	"email": "",
	"website": "",
	"orientations": "any",
	"c2version": "280",
	"ife": true,
	"used-plugins": [
		"Audio",
		"Browser",
		"Keyboard",
		"Mouse",
		"Sprite",
		"Text",
		"TiledBg",
		"Tilemap",
		"Touch",
		"WebStorage",
		"gamepad",
		"progressbar"
	],
	"used-behaviors": [
		"Bullet",
		"EightDir",
		"Fade",
		"Flash",
		"LOS",
		"Sin",
		"destroy",
		"scrollto",
		"solid"
	]
}